distance,steps,effective,land
5,0.126153846,0.183908046,0.08045977
25,0.069767442,0.052631579,0
50,0.025641026,0,0
75,0.171428571,0.090909091,0.090909091
